{
  "description": {
    "title": "Via Beleza Shop",
    "text": ""
  },
  "links_1": {
    "list_pages": true,
    "title": "Páginas",
    "list": []
  },
  "links_2": {
    "list_categories": true,
    "title": "Fale Conosco",
    "list": []
  },
  "contacts": {
    "title": "Formas de Pagamento",
    "phone_wpp": true,
    "socials": true,
    "email": true,
    "address": true
  },
  "stamps": [
    {
      "src": "/img/uploads/ssl-safe.png",
      "alt": "Secure connection"
    }
  ],
  "payment_methods": {
    "bb": false,
    "visa": true,
    "boleto": true,
    "aura": false,
    "banrisul": false,
    "elo": true,
    "hipercard": false,
    "hsbc": false,
    "bradesco": true,
    "santander": false,
    "mastercard": true,
    "citibank": false,
    "mais": false,
    "itau": false
  },
  "credits": "JD COMÉRCIO VAREJISTA DE COSMÉTICOS EIRELI - CNPJ: 10.365.767/0001-78 © 2021 Todos os direitos reservados"
}