{
  "meta_title": "",
  "meta_description": "",
  "sections": [
    {
      "type": "banner-slider",
      "autoplay": 9000,
      "slides": [
        {
          "img": "/img/uploads/kit-emagrecimento-natural-ektus.jpg",
          "link": "/",
          "alt": "Kit emagrecimento",
          "start": "",
          "end": ""
        },
        {
          "img": "/img/uploads/facial.jpg",
          "alt": "Rejuvenescimento Facial",
          "start": "",
          "end": ""
        },
        {
          "img": "/img/uploads/refinax.jpg",
          "link": "/",
          "alt": "Leve 4 e pague 3",
          "start": "",
          "end": ""
        },
        {
          "img": "/img/uploads/magnetica.jpg",
          "alt": "Magnetica",
          "start": "",
          "end": ""
        }
      ]
    },
    {
      "type": "banners-grid",
      "banners": [
        {
          "img": "/img/uploads/descontos2.png",
          "alt": "Tarja Informações de Venda da loja",
          "link": ""
        }
      ]
    },
    {
      "type": "custom-html",
      "html": "<h4 class=\"products-carousel__title\"><a href=\"javascript:;\">Campeões de Vendas</a></h4>"
    },
    {
      "type": "banners-grid",
      "banners": [
        {
          "img": "/img/uploads/mini-pulseiras.jpg",
          "alt": "Pulseiras",
          "link": "https://www.viabelezashop.com.br/pulseiras-magneticas"
        },
        {
          "img": "/img/uploads/mini-bannerss-cinta.jpg",
          "alt": "Cinta",
          "link": "https://www.viabelezashop.com.br/cinta-modeladora"
        },
        {
          "img": "/img/uploads/mini-banners-remodelle.jpg",
          "alt": "Remodelle",
          "link": "https://www.viabelezashop.com.br/nutricional"
        },
        {
          "img": "/img/uploads/mini-bannerss-cha.jpg",
          "alt": "Cha",
          "link": "https://www.viabelezashop.com.br/cha-misto-da-horta"
        }
      ]
    },
    {
      "type": "banners-grid",
      "banners": [
        {
          "img": "/img/uploads/lascalla.jpg",
          "alt": "lascalla",
          "link": ""
        },
        {
          "img": "/img/uploads/kits-produtos.jpg",
          "alt": "Kits de produtos",
          "link": ""
        }
      ]
    },
    {
      "type": "info-bar",
      "enabled": false
    },
    {
      "type": "collection-shelf",
      "shuffle": false,
      "collection_id": "606f1da933554a7d2d3f15cb:collections:Destaques:/destaques",
      "title": "Produtos Destaques",
      "page": 1,
      "sort": null
    },
    {
      "type": "collection-shelf",
      "shuffle": false,
      "collection_id": null,
      "title": "Produtos",
      "page": 1,
      "sort": null
    },
    {
      "type": "collection-shelf",
      "shuffle": false,
      "collection_id": null,
      "title": "Mais Vendidos",
      "page": 1,
      "sort": "sales"
    },
    {
      "type": "banners-grid",
      "banners": [
        {
          "img": "/img/uploads/formas.jpg",
          "alt": "Formas",
          "link": ""
        },
        {
          "img": "/img/uploads/trocas.jpg",
          "alt": "Trocas",
          "link": ""
        },
        {
          "img": "/img/uploads/duvidas.jpg",
          "alt": "Dúvidas",
          "link": ""
        }
      ]
    }
  ]
}