{
  "shipping": {
    "show": true,
    "text": "Entregamos para todo o Brasil",
    "link": "https://www.viabelezashop.com.br/pages/entrega"
  },
  "installments": {
    "show": true,
    "text": "Parcele sem juros",
    "link": "https://www.viabelezashop.com.br/pages/pagamentos"
  },
  "exchange": {
    "show": true,
    "text": "Não gostou? A primeira troca é gratuita",
    "link": "https://www.viabelezashop.com.br/pages/trocas"
  },
  "promo": {
    "show": true,
    "text": "Diferentes promoções ao longo do ano!"
  }
}