{
  "assetsByChunkName": {
    "vendors~app-account~app-confirmation~app-order": "chunk.b415ec50dfe22f238c60.js",
    "vendors~app-account~app-checkout": "chunk.20ba52ddf61cec60840f.js",
    "vendors~app-cart~app-checkout": "chunk.d291ea456909e2d53b92.js",
    "admin": [
      "admin.aa625707739ba0275125.js",
      "admin.aa625707739ba0275125.js.map"
    ],
    "app-account": "chunk.9cbc193a7a16af215df2.js",
    "app-confirmation": "chunk.4bfce09870be8018a49a.js",
    "app-order": "chunk.0e1e027ec03fe8328263.js",
    "checkout": [
      "checkout.eb9e22164cb29c3dd2d2.js",
      "checkout.eb9e22164cb29c3dd2d2.js.map"
    ],
    "storefront": [
      "storefront.cd79b08bece6497d53db.css",
      "storefront.281919ac5739f6ecf830.js",
      "storefront.cd79b08bece6497d53db.css.map",
      "storefront.281919ac5739f6ecf830.js.map"
    ],
    "vendors~app-cart": "chunk.b85b697acdf8b3ca8fb0.js",
    "vendors~app-checkout": "chunk.5b3858424646f7e7863e.js"
  }
}